id,user_id,status,credit_type,amount,duration,monthly_payment,effective_rate,country,first_name,last_name,birth_date,birth_place,nationality,marital_status,id_type,id_number,email,phone,address,postal_code,city,address_country,employer_name,employer_address,job_title,contract_type,start_date,monthly_net_income,document_id_url,document_income_url,document_address_url,document_bank_url,created_at,updated_at,converted_client_id,rejection_reason,source,score,score_category,assigned_to,priority,tags,internal_notes,last_contacted_at,stage_entered_at,consent,decision,risk_review,pricing,analysis_overrides
05490f2d-ed7c-4a1e-be30-ca26912eae45,,qualified,professional,697.87,24,33.01,12.50,FR,Rasmus,Koppel,,,,,,,rasmus.koppel.app140@example.com,+372 56100140,,,Tartu,,,,,,,2035.00,,,,,2026-05-30 13:40:16.496879+00,2026-05-30 13:40:16.496879+00,,,ads,70,B,,normal,[],,,,,,,,
05836ce2-b885-44a3-926a-fd133dc9af8c,,under_review,professional,458.33,12,40.83,12.50,EE,Lea,Koppel,,,,,,,lea.koppel.app92@example.com,+372 56100092,,,Bruxelles,,,,,,,2655.00,,,,,2026-05-30 13:40:16.496879+00,2026-05-30 13:40:16.496879+00,,,website,89,A,,normal,[],,,,,,,,
06285aac-2edf-4535-9e79-e2ed02377acb,,submitted,salary-advance,1526.87,36,51.08,12.50,FR,Chloe,Tamm,,,,,,,chloe.tamm.app123@example.com,+372 56100123,,,Bruxelles,,,,,,,3375.00,,,,,2026-05-30 13:40:16.496879+00,2026-05-30 13:40:16.496879+00,,,website,46,C,,normal,[],,,,,,,,
09646c9c-90bf-401e-846f-38c6aa9bdb85,,under_review,student,861.89,18,52.76,12.50,EE,Marie,Kask,,,,,,,marie.kask.app1@example.com,+372 56100001,,,Bruxelles,,,,,,,4532.00,,,,,2026-05-30 13:40:16.496879+00,2026-05-30 13:40:16.496879+00,,,ads,21,D,,normal,[],,,,,,,,
0bc0e68d-879a-486e-9574-b4cdd2c51157,,approved,student,584.27,24,27.64,12.50,EE,Mehdi,Mets,,,,,,,mehdi.mets.app79@example.com,+372 56100079,,,Tartu,,,,,,,4287.00,,,,,2026-05-30 13:40:16.496879+00,2026-05-30 13:40:16.496879+00,,,referral,27,D,,normal,[],,,,,,,,
0bf6d165-2ea1-4de4-8764-74cb87816bf1,,approved,professional,659.88,12,58.78,12.50,FR,Pauline,Aas,,,,,,,pauline.aas.app167@example.com,+372 56100167,,,Paris,,,,,,,1546.00,,,,,2026-05-30 13:40:16.496879+00,2026-05-30 13:40:16.496879+00,c5793630-2d2f-4274-9dbe-8f7e14d13342,,direct,73,B,,normal,[],,,,,,,,
0c5db108-a53b-4811-ac68-7bf847ff1285,,submitted,student,515.26,12,45.90,12.50,EE,Dimitri,Carre,,,,,,,dimitri.carre.app210@example.com,+372 56100210,,,Tartu,,,,,,,3548.00,,,,,2026-05-30 13:40:16.496879+00,2026-05-30 13:40:16.496879+00,,,ads,72,B,,normal,[],,,,,,,,
0ddb33f6-7504-4c0c-bb2b-2127838556b2,,approved,consumer,117.11,24,5.54,12.50,EE,Anna,Robert,,,,,,,anna.robert.app155@example.com,+372 56100155,,,Paris,,,,,,,1592.00,,,,,2026-05-30 13:40:16.496879+00,2026-05-30 13:40:16.496879+00,1141795c-11eb-4b2f-bffa-219fce7687f8,,website,78,B,,normal,[],,,,,,,,
114c47a3-a298-41f9-b04f-fbbc8a9ba0ea,,rejected,consumer,236.24,18,14.46,12.50,EE,Kristjan,Vidal,,,,,,,kristjan.vidal.app128@example.com,+372 56100128,,,Madrid,,,,,,,3771.00,,,,,2026-05-30 13:40:16.496879+00,2026-05-30 13:40:16.496879+00,,,website,75,B,,normal,[],,,,,,,,
127637fc-a2c8-47d9-98b4-27f16a5dbceb,,cancelled,micro-credit,810.64,6,140.07,12.50,FR,Maxime,Lepik,,,,,,,maxime.lepik.app62@example.com,+372 56100062,,,Madrid,,,,,,,2816.00,,,,,2026-05-30 13:40:16.496879+00,2026-05-30 13:40:16.496879+00,,,direct,75,B,,normal,[],,,,,,,,
130bb18e-ad2e-4e06-91be-3c9f5da8a791,,approved,consumer,298.74,12,26.61,12.50,EE,Lucas,Tamm,,,,,,,lucas.tamm.app4@example.com,+372 56100004,,,Bruxelles,,,,,,,4214.00,,,,,2026-05-30 13:40:16.496879+00,2026-05-30 13:40:16.496879+00,,,ads,70,B,,normal,[],,,,,,,,
13bc431c-4a55-46b4-a26b-df60ff12622b,,rejected,professional,581.74,18,35.61,12.50,EE,Maria,Kangro,,,,,,,maria.kangro.app6@example.com,+372 56100006,,,Geneve,,,,,,,4191.00,,,,,2026-05-30 13:40:16.496879+00,2026-05-30 13:40:16.496879+00,,,website,31,D,,normal,[],,,,,,,,
15ccd441-b5f9-4ccc-a4e0-65b32cfed581,,rejected,consumer,305.93,6,52.86,12.50,EE,Kevin,Smirnov,,,,,,,kevin.smirnov.app95@example.com,+372 56100095,,,Lyon,,,,,,,1129.00,,,,,2026-05-30 13:40:16.496879+00,2026-05-30 13:40:16.496879+00,,,website,65,B,,normal,[],,,,,,,,
190abe4f-9b5a-4779-be5c-836f21e8066a,,under_review,consumer,288.71,36,9.66,12.50,FR,Thomas,Kangro,,,,,,,thomas.kangro.app107@example.com,+372 56100107,,,Madrid,,,,,,,1557.00,,,,,2026-05-30 13:40:16.496879+00,2026-05-30 13:40:16.496879+00,,,ads,30,D,,normal,[],,,,,,,,
1a2e8b97-5076-48a2-82f3-98666f590e8d,,submitted,professional,1590.05,6,274.75,12.50,EE,Maria,Faure,,,,,,,maria.faure.app169@example.com,+372 56100169,,,Narva,,,,,,,2999.00,,,,,2026-05-30 13:40:16.496879+00,2026-05-30 13:40:16.496879+00,,,ads,21,D,,normal,[],,,,,,,,
1a401134-a327-4ca8-8ab9-cb6b5c85f6ca,,qualified,student,458.19,24,21.68,12.50,FR,Thomas,Laine,,,,,,,thomas.laine.app0@example.com,+372 56100000,,,Bruxelles,,,,,,,1883.00,,,,,2026-05-30 13:40:16.496879+00,2026-05-30 13:40:16.496879+00,,,ads,24,D,,normal,[],,,,,,,,
1af0c091-f2f3-443b-b6c5-e443324326d8,,qualified,salary-advance,675.90,12,60.21,12.50,FR,Julien,Susi,,,,,,,julien.susi.app71@example.com,+372 56100071,,,Parnu,,,,,,,3531.00,,,,,2026-05-30 13:40:16.496879+00,2026-05-30 13:40:16.496879+00,,,referral,77,B,,normal,[],,,,,,,,
1b9213f5-7f40-4984-8209-1a6739517902,,submitted,salary-advance,464.92,36,15.55,12.50,EE,Sarah,Saar,,,,,,,sarah.saar.app70@example.com,+372 56100070,,,Tallinn,,,,,,,1826.00,,,,,2026-05-30 13:40:16.496879+00,2026-05-30 13:40:16.496879+00,,,ads,85,A,,normal,[],,,,,,,,
1d7e6a62-7ac7-4295-bdc5-3cea31f4e633,,submitted,salary-advance,331.87,12,29.56,12.50,EE,Rasmus,Laine,,,,,,,rasmus.laine.app189@example.com,+372 56100189,,,Tartu,,,,,,,4275.00,,,,,2026-05-30 13:40:16.496879+00,2026-05-30 13:40:16.496879+00,,,direct,60,C,,normal,[],,,,,,,,
20202896-8782-4345-b883-f10450e33efc,,approved,student,446.22,24,21.11,12.50,FR,Piret,Kallas,,,,,,,piret.kallas.app198@example.com,+372 56100198,,,Tartu,,,,,,,3194.00,,,,,2026-05-30 13:40:16.496879+00,2026-05-30 13:40:16.496879+00,,,simulator,76,B,,normal,[],,,,,,,,
20a3f25a-5c94-41a4-8caa-f3e3a6f19158,,cancelled,professional,255.49,36,8.55,12.50,FR,Tonu,Carre,,,,,,,tonu.carre.app147@example.com,+372 56100147,,,Helsinki,,,,,,,4796.00,,,,,2026-05-30 13:40:16.496879+00,2026-05-30 13:40:16.496879+00,,,simulator,56,C,,normal,[],,,,,,,,
2243cad3-7440-4ed7-b863-7f66d3c36cc9,,cancelled,salary-advance,624.30,24,29.53,12.50,EE,Karl,Parn,,,,,,,karl.parn.app41@example.com,+372 56100041,,,Tartu,,,,,,,4206.00,,,,,2026-05-30 13:40:16.496879+00,2026-05-30 13:40:16.496879+00,,,direct,89,A,,normal,[],,,,,,,,
22f4be2b-08b2-4b75-8e7e-0b91068a0393,,approved,professional,113.45,18,6.94,12.50,EE,Antoine,Kukk,,,,,,,antoine.kukk.app101@example.com,+372 56100101,,,Parnu,,,,,,,3339.00,,,,,2026-05-30 13:40:16.496879+00,2026-05-30 13:40:16.496879+00,,,website,92,A,,normal,[],,,,,,,,
26018e47-8e59-4e88-ba2b-aba792e918ca,,approved,salary-advance,273.70,24,12.95,12.50,EE,Sarah,Ivanov,,,,,,,sarah.ivanov.app90@example.com,+372 56100090,,,Geneve,,,,,,,3594.00,,,,,2026-05-30 13:40:16.496879+00,2026-05-30 13:40:16.496879+00,,,ads,70,B,,normal,[],,,,,,,,
26bdb399-a751-410c-bccb-93a353087a56,,submitted,professional,77.16,12,6.87,12.50,EE,Mart,Garcia,,,,,,,mart.garcia.app137@example.com,+372 56100137,,,Lyon,,,,,,,4769.00,,,,,2026-05-30 13:40:16.496879+00,2026-05-30 13:40:16.496879+00,,,direct,29,D,,normal,[],,,,,,,,
298ac598-551e-43dc-89fc-47b4c4625750,,cancelled,student,364.79,12,32.50,12.50,FR,Tonu,Roussel,,,,,,,tonu.roussel.app103@example.com,+372 56100103,,,Geneve,,,,,,,4559.00,,,,,2026-05-30 13:40:16.496879+00,2026-05-30 13:40:16.496879+00,,,referral,58,C,,normal,[],,,,,,,,
2ae8d244-2a45-4205-9f05-2fc9182153c4,,under_review,student,390.05,12,34.75,12.50,FR,Manon,Kask,,,,,,,manon.kask.app135@example.com,+372 56100135,,,Parnu,,,,,,,3930.00,,,,,2026-05-30 13:40:16.496879+00,2026-05-30 13:40:16.496879+00,,,direct,89,A,,normal,[],,,,,,,,
2c1dbd9e-9093-4ee3-8536-49cf05a1e8c5,,under_review,professional,297.80,18,18.23,12.50,EE,Maxime,Kukk,,,,,,,maxime.kukk.app15@example.com,+372 56100015,,,Narva,,,,,,,3451.00,,,,,2026-05-30 13:40:16.496879+00,2026-05-30 13:40:16.496879+00,,,direct,43,D,,normal,[],,,,,,,,
2f124537-fec4-4424-82f2-3be830374ce7,,approved,student,148.26,24,7.01,12.50,FR,Andres,Laine,,,,,,,andres.laine.app204@example.com,+372 56100204,,,Parnu,,,,,,,3745.00,,,,,2026-05-30 13:40:16.496879+00,2026-05-30 13:40:16.496879+00,01a6d250-a9b0-415a-a410-b62c0ff60f4f,,referral,28,D,,normal,[],,,,,,,,
30683c04-3de1-45c0-b6a3-44e519cabb1c,,approved,salary-advance,385.23,6,66.57,12.50,FR,Antoine,Smirnov,,,,,,,antoine.smirnov.app196@example.com,+372 56100196,,,Parnu,,,,,,,2683.00,,,,,2026-05-30 13:40:16.496879+00,2026-05-30 13:40:16.496879+00,0613b9fe-e05f-423e-80e8-a0cb6c2d7807,,simulator,34,D,,normal,[],,,,,,,,
3100c099-05ff-4c8f-8daa-b1efe4a6bbb1,,approved,micro-credit,596.31,24,28.21,12.50,EE,Piret,Faure,,,,,,,piret.faure.app31@example.com,+372 56100031,,,Narva,,,,,,,3323.00,,,,,2026-05-30 13:40:16.496879+00,2026-05-30 13:40:16.496879+00,62f205a1-bebf-4b24-a81e-70bc4d1b16ec,,referral,82,A,,normal,[],,,,,,,,
31a82d59-8f91-4d17-a592-007339076b03,,rejected,consumer,487.82,36,16.32,12.50,EE,Thomas,Kukk,,,,,,,thomas.kukk.app35@example.com,+372 56100035,,,Helsinki,,,,,,,2203.00,,,,,2026-05-30 13:40:16.496879+00,2026-05-30 13:40:16.496879+00,,,direct,80,A,,normal,[],,,,,,,,
31e068b6-7499-47d8-8932-a3339da9a24f,,approved,professional,78.50,18,4.81,12.50,EE,Tonu,Carre,,,,,,,tonu.carre.app88@example.com,+372 56100088,,,Bruxelles,,,,,,,3195.00,,,,,2026-05-30 13:40:16.496879+00,2026-05-30 13:40:16.496879+00,4d7d9b4a-0c62-4fc0-8f71-64e8f079e376,,simulator,67,B,,normal,[],,,,,,,,
3242b38f-7af6-4496-a68b-8cb165bb0d33,,under_review,salary-advance,597.66,12,53.24,12.50,FR,Emma,Raud,,,,,,,emma.raud.app121@example.com,+372 56100121,,,Tartu,,,,,,,4024.00,,,,,2026-05-30 13:40:16.496879+00,2026-05-30 13:40:16.496879+00,,,referral,49,C,,normal,[],,,,,,,,
333d3561-c238-4060-9426-23ffc0a6f5bf,,submitted,student,837.80,36,28.03,12.50,EE,Rasmus,Saar,,,,,,,rasmus.saar.app55@example.com,+372 56100055,,,Narva,,,,,,,1913.00,,,,,2026-05-30 13:40:16.496879+00,2026-05-30 13:40:16.496879+00,,,simulator,47,C,,normal,[],,,,,,,,
34cc7db0-6362-44f8-ab62-f30e2e569f58,,submitted,professional,542.82,12,48.36,12.50,EE,Karl,Kask,,,,,,,karl.kask.app141@example.com,+372 56100141,,,Madrid,,,,,,,1886.00,,,,,2026-05-30 13:40:16.496879+00,2026-05-30 13:40:16.496879+00,,,website,33,D,,normal,[],,,,,,,,
359cd476-6f86-4d78-a4a2-dc6651340a23,,rejected,student,406.98,36,13.61,12.50,FR,Lea,Susi,,,,,,,lea.susi.app111@example.com,+372 56100111,,,Bruxelles,,,,,,,3949.00,,,,,2026-05-30 13:40:16.496879+00,2026-05-30 13:40:16.496879+00,,,referral,71,B,,normal,[],,,,,,,,
35a719ea-eda4-4861-8979-be2ec11344d4,,approved,micro-credit,282.44,18,17.29,12.50,EE,Lea,Dubois,,,,,,,lea.dubois.app115@example.com,+372 56100115,,,Bruxelles,,,,,,,4076.00,,,,,2026-05-30 13:40:16.496879+00,2026-05-30 13:40:16.496879+00,ac3943b1-dd07-4b65-ad83-a8474d280acf,,website,25,D,,normal,[],,,,,,,,
363c28d7-b587-460e-8860-f7a319cffa23,,approved,micro-credit,256.86,24,12.15,12.50,EE,Dimitri,Aas,,,,,,,dimitri.aas.app20@example.com,+372 56100020,,,Geneve,,,,,,,3851.00,,,,,2026-05-30 13:40:16.496879+00,2026-05-30 13:40:16.496879+00,ace9cb2f-4d4c-4e76-896f-3f76e303cf0b,,simulator,64,C,,normal,[],,,,,,,,
36b27577-cacd-4601-8401-e71b9958644d,,approved,micro-credit,411.06,12,36.62,12.50,EE,Piret,Aas,,,,,,,piret.aas.app159@example.com,+372 56100159,,,Bruxelles,,,,,,,1170.00,,,,,2026-05-30 13:40:16.496879+00,2026-05-30 13:40:16.496879+00,,,referral,43,D,,normal,[],,,,,,,,
36d53961-c47d-4cbb-b664-0a1a9a7f4ff2,,approved,salary-advance,565.06,6,97.64,12.50,EE,Maxime,Smirnov,,,,,,,maxime.smirnov.app157@example.com,+372 56100157,,,Lyon,,,,,,,3469.00,,,,,2026-05-30 13:40:16.496879+00,2026-05-30 13:40:16.496879+00,b69f0372-b53c-4d6e-ae4b-d7a654cf57da,,ads,89,A,,normal,[],,,,,,,,
371446a6-196d-43d8-b9c0-11912b6ccf7f,,submitted,micro-credit,198.38,24,9.38,12.50,FR,Romain,Aas,,,,,,,romain.aas.app10@example.com,+372 56100010,,,Helsinki,,,,,,,3802.00,,,,,2026-05-30 13:40:16.496879+00,2026-05-30 13:40:16.496879+00,,,website,49,C,,normal,[],,,,,,,,
3750bc2a-f7c9-4f23-973f-cae2a2b82277,,approved,student,496.60,18,30.40,12.50,EE,Clara,Sepp,,,,,,,clara.sepp.app40@example.com,+372 56100040,,,Tartu,,,,,,,1165.00,,,,,2026-05-30 13:40:16.496879+00,2026-05-30 13:40:16.496879+00,0d6afa2e-10d2-415e-add9-2170daf0ee0e,,ads,51,C,,normal,[],,,,,,,,
3994af9c-493f-418b-8fc0-ce15f30a1c16,,approved,micro-credit,359.79,18,22.02,12.50,EE,Hugo,Bernard,,,,,,,hugo.bernard.app114@example.com,+372 56100114,,,Paris,,,,,,,3733.00,,,,,2026-05-30 13:40:16.496879+00,2026-05-30 13:40:16.496879+00,d3c92339-ce2c-4d49-97e0-54860c3cbd15,,simulator,85,A,,normal,[],,,,,,,,
3ab2959d-c6f9-4655-86eb-205d5879be51,,approved,micro-credit,632.14,24,29.90,12.50,EE,Antoine,Petit,,,,,,,antoine.petit.app146@example.com,+372 56100146,,,Tallinn,,,,,,,3609.00,,,,,2026-05-30 13:40:16.496879+00,2026-05-30 13:40:16.496879+00,e7f69354-7bab-4174-82f7-a90a576b532c,,simulator,75,B,,normal,[],,,,,,,,
3b548523-a294-4095-ab68-03221cd2217d,,approved,consumer,410.82,6,70.99,12.50,EE,Lea,Rebane,,,,,,,lea.rebane.app25@example.com,+372 56100025,,,Narva,,,,,,,1593.00,,,,,2026-05-30 13:40:16.496879+00,2026-05-30 13:40:16.496879+00,98533bcb-fd00-4240-91dd-44a23790230d,,ads,24,D,,normal,[],,,,,,,,
3c10dc33-8853-4c5d-8bf8-a6d9fa55af7c,,submitted,salary-advance,107.27,18,6.57,12.50,FR,Julien,Mets,,,,,,,julien.mets.app24@example.com,+372 56100024,,,Bruxelles,,,,,,,3871.00,,,,,2026-05-30 13:40:16.496879+00,2026-05-30 13:40:16.496879+00,,,simulator,97,A,,normal,[],,,,,,,,
3c1e06df-8469-41d4-b93f-630251075943,,approved,professional,555.12,12,49.45,12.50,EE,Kristjan,Koppel,,,,,,,kristjan.koppel.app206@example.com,+372 56100206,,,Geneve,,,,,,,2096.00,,,,,2026-05-30 13:40:16.496879+00,2026-05-30 13:40:16.496879+00,bc5d27ba-75e9-4714-b9ba-4f77160e5f65,,direct,70,B,,normal,[],,,,,,,,
3cb8479f-b0c5-4370-bc35-ca2cd3fc5825,,approved,salary-advance,711.55,6,122.95,12.50,EE,Sarah,Susi,,,,,,,sarah.susi.app158@example.com,+372 56100158,,,Narva,,,,,,,4636.00,,,,,2026-05-30 13:40:16.496879+00,2026-05-30 13:40:16.496879+00,881c75ac-e8d9-45a0-9aff-be98fc973827,,referral,29,D,,normal,[],,,,,,,,
3db9a0a1-7fd4-49f0-8b79-e7dac2717604,,qualified,student,523.05,6,90.38,12.50,FR,Manon,Aas,,,,,,,manon.aas.app34@example.com,+372 56100034,,,Parnu,,,,,,,1681.00,,,,,2026-05-30 13:40:16.496879+00,2026-05-30 13:40:16.496879+00,,,direct,62,C,,normal,[],,,,,,,,
3e135667-1bb6-46bb-ac99-dff3f19ae3cd,,approved,student,152.76,18,9.35,12.50,EE,Liis,Kukk,,,,,,,liis.kukk.app168@example.com,+372 56100168,,,Paris,,,,,,,4729.00,,,,,2026-05-30 13:40:16.496879+00,2026-05-30 13:40:16.496879+00,a120a58f-be90-4447-a6d0-bc821bb81dce,,website,55,C,,normal,[],,,,,,,,
3eccd203-832b-486f-8156-7184c36fa69c,,cancelled,student,168.28,24,7.96,12.50,EE,Kristjan,Lemoine,,,,,,,kristjan.lemoine.app56@example.com,+372 56100056,,,Parnu,,,,,,,1725.00,,,,,2026-05-30 13:40:16.496879+00,2026-05-30 13:40:16.496879+00,,,ads,42,D,,normal,[],,,,,,,,
40597592-2094-452a-a408-4fb70ddba286,,qualified,consumer,671.09,24,31.75,12.50,EE,Mart,Sepp,,,,,,,mart.sepp.app116@example.com,+372 56100116,,,Bruxelles,,,,,,,1303.00,,,,,2026-05-30 13:40:16.496879+00,2026-05-30 13:40:16.496879+00,,,website,58,C,,normal,[],,,,,,,,
419b92b2-829e-47aa-b7ad-96b1c39a8088,,approved,student,1111.17,6,192.01,12.50,FR,Kadri,Magi,,,,,,,kadri.magi.app202@example.com,+372 56100202,,,Geneve,,,,,,,2796.00,,,,,2026-05-30 13:40:16.496879+00,2026-05-30 13:40:16.496879+00,1b77d077-7ab1-470f-8ef7-b1e1daa13f6e,,referral,46,C,,normal,[],,,,,,,,
434ed813-2f3a-4375-b708-9d3ba39e97d6,,under_review,consumer,345.69,24,16.35,12.50,FR,Kadri,Petit,,,,,,,kadri.petit.app104@example.com,+372 56100104,,,Narva,,,,,,,4786.00,,,,,2026-05-30 13:40:16.496879+00,2026-05-30 13:40:16.496879+00,,,referral,60,C,,normal,[],,,,,,,,
44a6f16d-e521-41f6-abf6-97d77ea8015e,,submitted,micro-credit,304.08,12,27.09,12.50,FR,Ines,Vaino,,,,,,,ines.vaino.app11@example.com,+372 56100011,,,Paris,,,,,,,1149.00,,,,,2026-05-30 13:40:16.496879+00,2026-05-30 13:40:16.496879+00,,,simulator,80,A,,normal,[],,,,,,,,
44b0ef94-7539-40b3-a638-fbcb10825ee5,,under_review,salary-advance,692.15,12,61.66,12.50,EE,Lucas,Oja,,,,,,,lucas.oja.app110@example.com,+372 56100110,,,Tartu,,,,,,,1181.00,,,,,2026-05-30 13:40:16.496879+00,2026-05-30 13:40:16.496879+00,,,referral,39,D,,normal,[],,,,,,,,
44bf1e0d-0fae-42b3-8aea-6cd7c8a8b2df,,cancelled,professional,80.17,36,2.68,12.50,EE,Nathan,Vaino,,,,,,,nathan.vaino.app151@example.com,+372 56100151,,,Paris,,,,,,,1838.00,,,,,2026-05-30 13:40:16.496879+00,2026-05-30 13:40:16.496879+00,,,direct,82,A,,normal,[],,,,,,,,
45620bfb-b078-4693-a1fb-4c6a10bd5300,,rejected,salary-advance,91.05,12,8.11,12.50,EE,Lea,Bernard,,,,,,,lea.bernard.app91@example.com,+372 56100091,,,Narva,,,,,,,2317.00,,,,,2026-05-30 13:40:16.496879+00,2026-05-30 13:40:16.496879+00,,,ads,44,D,,normal,[],,,,,,,,
46102023-8fc5-49e7-a3d0-050ca4a01211,,under_review,student,543.73,12,48.44,12.50,EE,Yann,Nguyen,,,,,,,yann.nguyen.app171@example.com,+372 56100171,,,Geneve,,,,,,,4298.00,,,,,2026-05-30 13:40:16.496879+00,2026-05-30 13:40:16.496879+00,,,simulator,67,B,,normal,[],,,,,,,,
47cd6b8b-3f34-4d77-9682-a8ed43c0ccbc,,submitted,consumer,377.98,36,12.64,12.50,EE,Camille,Org,,,,,,,camille.org.app13@example.com,+372 56100013,,,Helsinki,,,,,,,4492.00,,,,,2026-05-30 13:40:16.496879+00,2026-05-30 13:40:16.496879+00,,,ads,98,A,,normal,[],,,,,,,,
487b261f-f0f3-4da3-84cb-ba513a5b3a2f,,submitted,consumer,211.29,18,12.93,12.50,FR,Laura,Toom,,,,,,,laura.toom.app19@example.com,+372 56100019,,,Tallinn,,,,,,,4099.00,,,,,2026-05-30 13:40:16.496879+00,2026-05-30 13:40:16.496879+00,,,website,24,D,,normal,[],,,,,,,,
49b5fa26-8b73-4c6c-a224-f106e41a24fb,,submitted,salary-advance,392.98,6,67.91,12.50,EE,Kristjan,Lemoine,,,,,,,kristjan.lemoine.app166@example.com,+372 56100166,,,Tartu,,,,,,,1558.00,,,,,2026-05-30 13:40:16.496879+00,2026-05-30 13:40:16.496879+00,,,referral,69,B,,normal,[],,,,,,,,
4c583e55-444a-4405-8cd4-2eaff54a1f18,,approved,consumer,723.43,6,125.01,12.50,EE,Lucas,Sokk,,,,,,,lucas.sokk.app186@example.com,+372 56100186,,,Geneve,,,,,,,4771.00,,,,,2026-05-30 13:40:16.496879+00,2026-05-30 13:40:16.496879+00,0e1b3527-32f5-4b49-8408-d95fe668c4af,,referral,42,D,,normal,[],,,,,,,,
51d98fba-599c-4fa9-848c-144c1975146a,,submitted,professional,457.79,12,40.78,12.50,FR,Tiina,Robert,,,,,,,tiina.robert.app67@example.com,+372 56100067,,,Paris,,,,,,,2865.00,,,,,2026-05-30 13:40:16.496879+00,2026-05-30 13:40:16.496879+00,,,direct,94,A,,normal,[],,,,,,,,
51e3fcb5-4bc9-4f11-bb24-af0c4f44b9f0,,under_review,micro-credit,50.38,12,4.49,12.50,EE,Rasmus,Org,,,,,,,rasmus.org.app139@example.com,+372 56100139,,,Bruxelles,,,,,,,3387.00,,,,,2026-05-30 13:40:16.496879+00,2026-05-30 13:40:16.496879+00,,,ads,64,C,,normal,[],,,,,,,,
521eb586-7367-4032-8b4f-0a10dbda4fad,,qualified,professional,244.67,36,8.19,12.50,FR,Clara,Roussel,,,,,,,clara.roussel.app175@example.com,+372 56100175,,,Madrid,,,,,,,2506.00,,,,,2026-05-30 13:40:16.496879+00,2026-05-30 13:40:16.496879+00,,,website,76,B,,normal,[],,,,,,,,
551e0999-c75f-4daf-8cc7-da37c3cc053c,,qualified,student,617.16,6,106.64,12.50,EE,Alex,Toom,,,,,,,alex.toom.app130@example.com,+372 56100130,,,Geneve,,,,,,,1841.00,,,,,2026-05-30 13:40:16.496879+00,2026-05-30 13:40:16.496879+00,,,website,34,D,,normal,[],,,,,,,,
57044a7c-cd42-4d47-8a73-cd89a3a6e6a0,,under_review,professional,422.33,24,19.98,12.50,FR,Hugo,Vaino,,,,,,,hugo.vaino.app216@example.com,+372 56100216,,,Helsinki,,,,,,,3267.00,,,,,2026-05-30 13:40:16.496879+00,2026-05-30 13:40:16.496879+00,,,simulator,23,D,,normal,[],,,,,,,,
57f64582-b043-4c7d-90c9-d29b9f6b426f,,qualified,consumer,374.79,24,17.73,12.50,FR,Jaan,Smirnov,,,,,,,jaan.smirnov.app18@example.com,+372 56100018,,,Paris,,,,,,,4255.00,,,,,2026-05-30 13:40:16.496879+00,2026-05-30 13:40:16.496879+00,,,referral,52,C,,normal,[],,,,,,,,
581d7f1b-0215-4aee-83ec-b975afb987c3,,approved,salary-advance,240.13,12,21.39,12.50,EE,Mehdi,Martin,,,,,,,mehdi.martin.app193@example.com,+372 56100193,,,Bruxelles,,,,,,,1576.00,,,,,2026-05-30 13:40:16.496879+00,2026-05-30 13:40:16.496879+00,3c053c31-66cd-4540-a694-949834df80bf,,ads,54,C,,normal,[],,,,,,,,
5884bea5-b3a1-4ac7-8f90-7dd8b3298c60,,submitted,student,183.84,24,8.70,12.50,EE,Sarah,Lemoine,,,,,,,sarah.lemoine.app83@example.com,+372 56100083,,,Parnu,,,,,,,2253.00,,,,,2026-05-30 13:40:16.496879+00,2026-05-30 13:40:16.496879+00,,,simulator,22,D,,normal,[],,,,,,,,
58da1415-5cdd-41d4-bcc7-05fd6176b812,,approved,student,102.97,6,17.79,12.50,EE,Kadri,Vaino,,,,,,,kadri.vaino.app2@example.com,+372 56100002,,,Bruxelles,,,,,,,3638.00,,,,,2026-05-30 13:40:16.496879+00,2026-05-30 13:40:16.496879+00,,,direct,48,C,,normal,[],,,,,,,,
58ef8f27-805f-457f-90b6-b67d20996aff,,approved,consumer,1161.54,24,54.95,12.50,FR,Julien,Muller,,,,,,,julien.muller.app94@example.com,+372 56100094,,,Paris,,,,,,,1707.00,,,,,2026-05-30 13:40:16.496879+00,2026-05-30 13:40:16.496879+00,f156dac7-3214-493c-b463-51a5f965be3c,,direct,85,A,,normal,[],,,,,,,,
59fca359-53ce-4043-9630-ab209b5bc35c,,cancelled,professional,50.11,12,4.46,12.50,EE,Antoine,Org,,,,,,,antoine.org.app27@example.com,+372 56100027,,,Geneve,,,,,,,4771.00,,,,,2026-05-30 13:40:16.496879+00,2026-05-30 13:40:16.496879+00,,,referral,52,C,,normal,[],,,,,,,,
5c410085-2278-41c5-bcbf-6165a44bb6af,,under_review,professional,382.48,24,18.09,12.50,EE,Romain,Nguyen,,,,,,,romain.nguyen.app63@example.com,+372 56100063,,,Tallinn,,,,,,,1550.00,,,,,2026-05-30 13:40:16.496879+00,2026-05-30 13:40:16.496879+00,,,website,75,B,,normal,[],,,,,,,,
5c843961-6369-4291-8e34-4d845d35339c,,approved,student,969.82,6,167.58,12.50,FR,Manon,Bernard,,,,,,,manon.bernard.app205@example.com,+372 56100205,,,Madrid,,,,,,,2360.00,,,,,2026-05-30 13:40:16.496879+00,2026-05-30 13:40:16.496879+00,,,website,45,C,,normal,[],,,,,,,,
5dfd7b61-6b3f-4772-b000-959bfc5a2269,,cancelled,consumer,507.44,24,24.01,12.50,EE,Andres,Kangro,,,,,,,andres.kangro.app125@example.com,+372 56100125,,,Lyon,,,,,,,3792.00,,,,,2026-05-30 13:40:16.496879+00,2026-05-30 13:40:16.496879+00,,,referral,56,C,,normal,[],,,,,,,,
5eeaa689-af3d-4b9d-afc6-44bd0c5ac5ef,,cancelled,consumer,218.97,24,10.36,12.50,FR,Manon,Aas,,,,,,,manon.aas.app156@example.com,+372 56100156,,,Lyon,,,,,,,2109.00,,,,,2026-05-30 13:40:16.496879+00,2026-05-30 13:40:16.496879+00,,,ads,45,C,,normal,[],,,,,,,,
5eef64da-c6dd-49be-90ed-f4a6ff4b3e17,,submitted,professional,128.46,6,22.20,12.50,EE,Dimitri,Saar,,,,,,,dimitri.saar.app9@example.com,+372 56100009,,,Tartu,,,,,,,1374.00,,,,,2026-05-30 13:40:16.496879+00,2026-05-30 13:40:16.496879+00,,,ads,56,C,,normal,[],,,,,,,,
60309807-3a12-4601-99f1-c7e5f204206d,,cancelled,salary-advance,485.56,6,83.90,12.50,FR,Dimitri,Tamm,,,,,,,dimitri.tamm.app153@example.com,+372 56100153,,,Bruxelles,,,,,,,1690.00,,,,,2026-05-30 13:40:16.496879+00,2026-05-30 13:40:16.496879+00,,,ads,57,C,,normal,[],,,,,,,,
61e11f46-6360-47db-a4f7-4aff9c182276,,submitted,professional,162.80,12,14.50,12.50,EE,Antoine,Kask,,,,,,,antoine.kask.app218@example.com,+372 56100218,,,Bruxelles,,,,,,,2371.00,,,,,2026-05-30 13:40:16.496879+00,2026-05-30 13:40:16.496879+00,,,referral,30,D,,normal,[],,,,,,,,
621af615-2eb1-47df-a655-31aab10c3225,,submitted,micro-credit,166.26,12,14.81,12.50,FR,Alex,Mets,,,,,,,alex.mets.app21@example.com,+372 56100021,,,Parnu,,,,,,,4518.00,,,,,2026-05-30 13:40:16.496879+00,2026-05-30 13:40:16.496879+00,,,simulator,83,A,,normal,[],,,,,,,,
62efd54b-7475-4662-a9ec-f98e3ccc09c3,,submitted,consumer,385.53,12,34.34,12.50,EE,Clara,Oja,,,,,,,clara.oja.app74@example.com,+372 56100074,,,Bruxelles,,,,,,,3112.00,,,,,2026-05-30 13:40:16.496879+00,2026-05-30 13:40:16.496879+00,,,referral,42,D,,normal,[],,,,,,,,
63faec48-1a0c-46a7-aa9e-3fbc77e73bcc,,submitted,salary-advance,89.81,36,3.00,12.50,FR,Nathan,Robert,,,,,,,nathan.robert.app134@example.com,+372 56100134,,,Madrid,,,,,,,1376.00,,,,,2026-05-30 13:40:16.496879+00,2026-05-30 13:40:16.496879+00,,,referral,92,A,,normal,[],,,,,,,,
642d7c32-269d-4e3e-a253-18dd85560bd1,,qualified,consumer,620.61,24,29.36,12.50,EE,Yann,Vaher,,,,,,,yann.vaher.app214@example.com,+372 56100214,,,Narva,,,,,,,4123.00,,,,,2026-05-30 13:40:16.496879+00,2026-05-30 13:40:16.496879+00,,,direct,27,D,,normal,[],,,,,,,,
66743a67-b71a-48d6-b9e6-108504b1c58d,,approved,student,586.80,24,27.76,12.50,FR,Liis,Oja,,,,,,,liis.oja.app148@example.com,+372 56100148,,,Bruxelles,,,,,,,1181.00,,,,,2026-05-30 13:40:16.496879+00,2026-05-30 13:40:16.496879+00,dd78e1c2-cf76-4cdd-9c9a-21774a39f87b,,website,56,C,,normal,[],,,,,,,,
66d744ed-a488-4a30-b020-a1b475200e0e,,cancelled,student,309.80,36,10.36,12.50,FR,Lea,Kukk,,,,,,,lea.kukk.app174@example.com,+372 56100174,,,Lyon,,,,,,,2027.00,,,,,2026-05-30 13:40:16.496879+00,2026-05-30 13:40:16.496879+00,,,referral,28,D,,normal,[],,,,,,,,
67b9875d-d9c7-4508-9424-8ba46e4bd183,,submitted,consumer,488.42,6,84.40,12.50,EE,Lucas,Ivanov,,,,,,,lucas.ivanov.app185@example.com,+372 56100185,,,Parnu,,,,,,,1830.00,,,,,2026-05-30 13:40:16.496879+00,2026-05-30 13:40:16.496879+00,,,direct,89,A,,normal,[],,,,,,,,
687c7767-ec3b-4fe2-ba1d-119d635434df,,cancelled,salary-advance,134.03,24,6.34,12.50,FR,Nathan,Magi,,,,,,,nathan.magi.app38@example.com,+372 56100038,,,Geneve,,,,,,,2465.00,,,,,2026-05-30 13:40:16.496879+00,2026-05-30 13:40:16.496879+00,,,direct,75,B,,normal,[],,,,,,,,
69118c01-54ca-481c-a8e9-0b6062cdd673,,submitted,consumer,799.01,24,37.80,12.50,FR,Manon,Saar,,,,,,,manon.saar.app188@example.com,+372 56100188,,,Parnu,,,,,,,3380.00,,,,,2026-05-30 13:40:16.496879+00,2026-05-30 13:40:16.496879+00,,,website,46,C,,normal,[],,,,,,,,
6a99bbf4-8b96-4c03-889a-9c431c593256,,rejected,professional,98.63,24,4.67,12.50,EE,Eva,Rebane,,,,,,,eva.rebane.app124@example.com,+372 56100124,,,Tartu,,,,,,,1272.00,,,,,2026-05-30 13:40:16.496879+00,2026-05-30 13:40:16.496879+00,,,website,45,C,,normal,[],,,,,,,,
6ab3a5f1-a034-4d6c-99a6-5a1961f5ed41,,qualified,professional,283.87,36,9.50,12.50,EE,Marko,Kallas,,,,,,,marko.kallas.app64@example.com,+372 56100064,,,Madrid,,,,,,,2469.00,,,,,2026-05-30 13:40:16.496879+00,2026-05-30 13:40:16.496879+00,,,referral,20,D,,normal,[],,,,,,,,
6ae4c589-9fe8-4e94-bc44-f1e94027ad0b,,submitted,consumer,513.64,36,17.18,12.50,EE,Tiina,Rebane,,,,,,,tiina.rebane.app53@example.com,+372 56100053,,,Paris,,,,,,,3091.00,,,,,2026-05-30 13:40:16.496879+00,2026-05-30 13:40:16.496879+00,,,direct,79,B,,normal,[],,,,,,,,
6b1b4b36-407b-4300-a1be-2f8d1844551c,,submitted,salary-advance,530.19,24,25.08,12.50,EE,Emma,Saar,,,,,,,emma.saar.app176@example.com,+372 56100176,,,Narva,,,,,,,3006.00,,,,,2026-05-30 13:40:16.496879+00,2026-05-30 13:40:16.496879+00,,,website,75,B,,normal,[],,,,,,,,
6cab721a-9dcc-4e86-b0f2-8b41e8fb6fea,,submitted,professional,537.97,24,25.45,12.50,FR,Laura,Tamm,,,,,,,laura.tamm.app96@example.com,+372 56100096,,,Tartu,,,,,,,4313.00,,,,,2026-05-30 13:40:16.496879+00,2026-05-30 13:40:16.496879+00,,,referral,33,D,,normal,[],,,,,,,,
6d2b4ec4-1487-4411-b331-5e1523ac1d09,,approved,professional,60.98,36,2.04,12.50,EE,Yann,Raud,,,,,,,yann.raud.app33@example.com,+372 56100033,,,Geneve,,,,,,,1437.00,,,,,2026-05-30 13:40:16.496879+00,2026-05-30 13:40:16.496879+00,27f2d7bd-6c79-4567-99a4-c5ea9722c282,,direct,58,C,,normal,[],,,,,,,,
6d8fd5e0-0c3b-4f6b-a347-9a48091392ce,,approved,student,1770.88,24,83.78,12.50,EE,Antoine,Dubois,,,,,,,antoine.dubois.app203@example.com,+372 56100203,,,Tartu,,,,,,,3256.00,,,,,2026-05-30 13:40:16.496879+00,2026-05-30 13:40:16.496879+00,62cae287-f3ca-48b5-b280-b2fd74ed111b,,simulator,27,D,,normal,[],,,,,,,,
6ea40438-8a8c-43c4-a22c-d7a53abe6c92,,approved,micro-credit,190.40,6,32.90,12.50,EE,Sarah,Sepp,,,,,,,sarah.sepp.app65@example.com,+372 56100065,,,Lyon,,,,,,,1112.00,,,,,2026-05-30 13:40:16.496879+00,2026-05-30 13:40:16.496879+00,c6c4d2b4-744b-4860-9c71-12eebb980886,,referral,32,D,,normal,[],,,,,,,,
6f1a0bcf-21fe-4898-985d-c58ed60e1ba6,,submitted,salary-advance,1531.05,6,264.56,12.50,EE,Kristjan,Tamm,,,,,,,kristjan.tamm.app81@example.com,+372 56100081,,,Bruxelles,,,,,,,1557.00,,,,,2026-05-30 13:40:16.496879+00,2026-05-30 13:40:16.496879+00,,,simulator,43,D,,normal,[],,,,,,,,
702230cf-0574-44c9-98cc-a897f0697092,,qualified,micro-credit,352.65,24,16.68,12.50,EE,Hugo,Kask,,,,,,,hugo.kask.app16@example.com,+372 56100016,,,Paris,,,,,,,2141.00,,,,,2026-05-30 13:40:16.496879+00,2026-05-30 13:40:16.496879+00,,,referral,46,C,,normal,[],,,,,,,,
7219d506-fc49-4072-96fa-6872ce0b06d8,,approved,micro-credit,267.41,36,8.95,12.50,EE,Andres,Magi,,,,,,,andres.magi.app120@example.com,+372 56100120,,,Narva,,,,,,,2101.00,,,,,2026-05-30 13:40:16.496879+00,2026-05-30 13:40:16.496879+00,aa06c889-5a65-422a-9ad9-eae96444db89,,direct,82,A,,normal,[],,,,,,,,
7412deb5-3bd1-4560-87bc-d580991949a2,,qualified,student,260.51,18,15.95,12.50,EE,Jaan,Oja,,,,,,,jaan.oja.app60@example.com,+372 56100060,,,Lyon,,,,,,,1727.00,,,,,2026-05-30 13:40:16.496879+00,2026-05-30 13:40:16.496879+00,,,direct,47,C,,normal,[],,,,,,,,
7486576e-dc6d-436c-b12d-e0741676bd19,,rejected,consumer,551.98,12,49.17,12.50,EE,Emma,Lopez,,,,,,,emma.lopez.app211@example.com,+372 56100211,,,Helsinki,,,,,,,2118.00,,,,,2026-05-30 13:40:16.496879+00,2026-05-30 13:40:16.496879+00,,,ads,31,D,,normal,[],,,,,,,,
76890278-1a63-4eef-921c-80452e25d5f8,,under_review,professional,375.39,12,33.44,12.50,EE,Kadri,Susi,,,,,,,kadri.susi.app58@example.com,+372 56100058,,,Tallinn,,,,,,,3136.00,,,,,2026-05-30 13:40:16.496879+00,2026-05-30 13:40:16.496879+00,,,ads,35,D,,normal,[],,,,,,,,
781165d6-a49f-416f-bc3f-f2f45a6d4748,,qualified,micro-credit,686.44,18,42.02,12.50,EE,Thomas,Dubois,,,,,,,thomas.dubois.app127@example.com,+372 56100127,,,Tallinn,,,,,,,2840.00,,,,,2026-05-30 13:40:16.496879+00,2026-05-30 13:40:16.496879+00,,,simulator,59,C,,normal,[],,,,,,,,
786fa030-ab62-4199-b5f7-8fbcb2d52dc9,,cancelled,consumer,462.64,24,21.89,12.50,FR,Kristjan,Kallas,,,,,,,kristjan.kallas.app165@example.com,+372 56100165,,,Paris,,,,,,,4070.00,,,,,2026-05-30 13:40:16.496879+00,2026-05-30 13:40:16.496879+00,,,referral,73,B,,normal,[],,,,,,,,
7979811c-34d8-441d-a34e-365b62d36ce9,,submitted,micro-credit,421.85,36,14.11,12.50,EE,Rasmus,Oja,,,,,,,rasmus.oja.app133@example.com,+372 56100133,,,Helsinki,,,,,,,4132.00,,,,,2026-05-30 13:40:16.496879+00,2026-05-30 13:40:16.496879+00,,,direct,83,A,,normal,[],,,,,,,,
7a61519f-9057-4286-a6db-de974b026bf5,,under_review,consumer,332.42,6,57.44,12.50,EE,Lea,Magi,,,,,,,lea.magi.app86@example.com,+372 56100086,,,Narva,,,,,,,1888.00,,,,,2026-05-30 13:40:16.496879+00,2026-05-30 13:40:16.496879+00,,,simulator,48,C,,normal,[],,,,,,,,
7ab89e02-7cd8-45e4-8078-f6bbd6040390,,under_review,consumer,1403.17,24,66.38,12.50,FR,Camille,Raud,,,,,,,camille.raud.app144@example.com,+372 56100144,,,Tartu,,,,,,,2041.00,,,,,2026-05-30 13:40:16.496879+00,2026-05-30 13:40:16.496879+00,,,website,57,C,,normal,[],,,,,,,,
7c980103-0717-4a78-8b7e-5abf168b1d44,,cancelled,professional,223.27,18,13.67,12.50,EE,Kadri,Mets,,,,,,,kadri.mets.app36@example.com,+372 56100036,,,Lyon,,,,,,,4431.00,,,,,2026-05-30 13:40:16.496879+00,2026-05-30 13:40:16.496879+00,,,direct,35,D,,normal,[],,,,,,,,
7fd1d1c9-5416-4e43-ae0b-ef1464ecd8ef,,qualified,consumer,84.86,18,5.19,12.50,EE,Dimitri,Vidal,,,,,,,dimitri.vidal.app106@example.com,+372 56100106,,,Lyon,,,,,,,1482.00,,,,,2026-05-30 13:40:16.496879+00,2026-05-30 13:40:16.496879+00,,,direct,24,D,,normal,[],,,,,,,,
82e7e9f4-ffe1-420c-a81f-f359e673524b,,approved,salary-advance,370.71,18,22.69,12.50,FR,Laura,Oja,,,,,,,laura.oja.app46@example.com,+372 56100046,,,Bruxelles,,,,,,,1717.00,,,,,2026-05-30 13:40:16.496879+00,2026-05-30 13:40:16.496879+00,,,ads,82,A,,normal,[],,,,,,,,
83c99f75-d34f-4576-a78f-612828bf91f6,,cancelled,micro-credit,130.36,36,4.36,12.50,FR,Piret,Raud,,,,,,,piret.raud.app118@example.com,+372 56100118,,,Parnu,,,,,,,4002.00,,,,,2026-05-30 13:40:16.496879+00,2026-05-30 13:40:16.496879+00,,,simulator,92,A,,normal,[],,,,,,,,
84efb20c-d0ce-4f5b-acf4-3b06e3495aba,,submitted,consumer,156.58,18,9.58,12.50,FR,Maxime,Raud,,,,,,,maxime.raud.app191@example.com,+372 56100191,,,Helsinki,,,,,,,3602.00,,,,,2026-05-30 13:40:16.496879+00,2026-05-30 13:40:16.496879+00,,,direct,73,B,,normal,[],,,,,,,,
85faa719-7f72-458c-86fd-34e75fa147b8,,qualified,salary-advance,385.51,18,23.60,12.50,FR,Dimitri,Kangro,,,,,,,dimitri.kangro.app43@example.com,+372 56100043,,,Narva,,,,,,,2113.00,,,,,2026-05-30 13:40:16.496879+00,2026-05-30 13:40:16.496879+00,,,direct,98,A,,normal,[],,,,,,,,
8757abd5-96b4-4d34-905f-cdc5fc543a9e,,submitted,salary-advance,762.92,12,67.96,12.50,EE,Antoine,Koppel,,,,,,,antoine.koppel.app78@example.com,+372 56100078,,,Parnu,,,,,,,3081.00,,,,,2026-05-30 13:40:16.496879+00,2026-05-30 13:40:16.496879+00,,,direct,93,A,,normal,[],,,,,,,,
8ab0973c-01f1-4d7b-9149-a32ce572aa37,,approved,salary-advance,187.43,12,16.70,12.50,EE,Rasmus,Aas,,,,,,,rasmus.aas.app150@example.com,+372 56100150,,,Geneve,,,,,,,3433.00,,,,,2026-05-30 13:40:16.496879+00,2026-05-30 13:40:16.496879+00,,,referral,92,A,,normal,[],,,,,,,,
8aee05b2-1dbf-4443-a3e1-10c01e607af6,,submitted,professional,395.47,24,18.71,12.50,FR,Tiina,Kask,,,,,,,tiina.kask.app61@example.com,+372 56100061,,,Tartu,,,,,,,2515.00,,,,,2026-05-30 13:40:16.496879+00,2026-05-30 13:40:16.496879+00,,,referral,39,D,,normal,[],,,,,,,,
8bfe7071-c9fe-4259-9af9-fb0b60ba4ed7,,submitted,professional,787.38,24,37.25,12.50,FR,Ines,Garcia,,,,,,,ines.garcia.app109@example.com,+372 56100109,,,Narva,,,,,,,1779.00,,,,,2026-05-30 13:40:16.496879+00,2026-05-30 13:40:16.496879+00,,,website,74,B,,normal,[],,,,,,,,
8dcd0e3e-11f9-4b3b-9175-27636eb526bb,,qualified,salary-advance,334.30,18,20.46,12.50,EE,Hugo,Vaino,,,,,,,hugo.vaino.app32@example.com,+372 56100032,,,Parnu,,,,,,,3609.00,,,,,2026-05-30 13:40:16.496879+00,2026-05-30 13:40:16.496879+00,,,website,28,D,,normal,[],,,,,,,,
8de7c9e7-cf61-4388-b25f-1c74ddd48b88,,submitted,micro-credit,194.09,24,9.18,12.50,EE,Camille,Lepik,,,,,,,camille.lepik.app37@example.com,+372 56100037,,,Tartu,,,,,,,3385.00,,,,,2026-05-30 13:40:16.496879+00,2026-05-30 13:40:16.496879+00,,,ads,34,D,,normal,[],,,,,,,,
8eb1ebef-22e8-4efd-be9d-6da5aafdb145,,cancelled,student,237.03,36,7.93,12.50,FR,Andres,Toom,,,,,,,andres.toom.app105@example.com,+372 56100105,,,Tartu,,,,,,,2752.00,,,,,2026-05-30 13:40:16.496879+00,2026-05-30 13:40:16.496879+00,,,referral,63,C,,normal,[],,,,,,,,
91317349-c775-4557-b1ad-c28eae8493ae,,approved,micro-credit,294.67,36,9.86,12.50,EE,Camille,Parn,,,,,,,camille.parn.app143@example.com,+372 56100143,,,Narva,,,,,,,2723.00,,,,,2026-05-30 13:40:16.496879+00,2026-05-30 13:40:16.496879+00,aa06c889-5a65-422a-9ad9-eae96444db89,,referral,99,A,,normal,[],,,,,,,,
91c8e12e-3408-4994-9d6f-d2aa5afa9b52,,qualified,professional,970.30,18,59.40,12.50,FR,Marie,Rebane,,,,,,,marie.rebane.app119@example.com,+372 56100119,,,Geneve,,,,,,,1873.00,,,,,2026-05-30 13:40:16.496879+00,2026-05-30 13:40:16.496879+00,,,direct,27,D,,normal,[],,,,,,,,
92418684-690f-44b7-a68b-1d1856736093,,approved,salary-advance,509.22,18,31.17,12.50,EE,Yann,Oja,,,,,,,yann.oja.app177@example.com,+372 56100177,,,Bruxelles,,,,,,,3511.00,,,,,2026-05-30 13:40:16.496879+00,2026-05-30 13:40:16.496879+00,b92c8ce0-a886-4f7a-9412-508addee10c5,,direct,96,A,,normal,[],,,,,,,,
9305d822-4ad7-4fae-a145-58a50d2b417e,,cancelled,professional,675.50,12,60.18,12.50,EE,Anna,Toom,,,,,,,anna.toom.app181@example.com,+372 56100181,,,Helsinki,,,,,,,3837.00,,,,,2026-05-30 13:40:16.496879+00,2026-05-30 13:40:16.496879+00,,,simulator,21,D,,normal,[],,,,,,,,
958c2c67-a174-42e9-9e63-c16d5b773791,,submitted,consumer,605.95,18,37.09,12.50,EE,Camille,Aas,,,,,,,camille.aas.app164@example.com,+372 56100164,,,Lyon,,,,,,,4239.00,,,,,2026-05-30 13:40:16.496879+00,2026-05-30 13:40:16.496879+00,,,website,49,C,,normal,[],,,,,,,,
96d52a32-f969-45b6-bc3a-97555036049b,,submitted,professional,209.51,18,12.83,12.50,EE,Karl,Rebane,,,,,,,karl.rebane.app7@example.com,+372 56100007,,,Lyon,,,,,,,1821.00,,,,,2026-05-30 13:40:16.496879+00,2026-05-30 13:40:16.496879+00,,,referral,67,B,,normal,[],,,,,,,,
973f92f6-6318-4826-90d4-6ee321f37596,,cancelled,salary-advance,105.49,18,6.46,12.50,FR,Julien,Kangro,,,,,,,julien.kangro.app29@example.com,+372 56100029,,,Helsinki,,,,,,,1348.00,,,,,2026-05-30 13:40:16.496879+00,2026-05-30 13:40:16.496879+00,,,simulator,92,A,,normal,[],,,,,,,,
977b2751-b3ad-406c-8865-916bd483a59c,,under_review,student,457.76,36,15.31,12.50,EE,Ines,Carre,,,,,,,ines.carre.app122@example.com,+372 56100122,,,Paris,,,,,,,2806.00,,,,,2026-05-30 13:40:16.496879+00,2026-05-30 13:40:16.496879+00,,,referral,47,C,,normal,[],,,,,,,,
977c4c2a-d2c8-4f78-abe4-8eccd18a0cc8,,approved,consumer,108.90,24,5.15,12.50,EE,Mehdi,Lille,,,,,,,mehdi.lille.app217@example.com,+372 56100217,,,Narva,,,,,,,4463.00,,,,,2026-05-30 13:40:16.496879+00,2026-05-30 13:40:16.496879+00,,,direct,49,C,,normal,[],,,,,,,,
981adbf1-2109-4ea9-a673-e292bc6639b7,,under_review,professional,436.23,24,20.64,12.50,FR,Nathan,Smirnov,,,,,,,nathan.smirnov.app179@example.com,+372 56100179,,,Paris,,,,,,,2761.00,,,,,2026-05-30 13:40:16.496879+00,2026-05-30 13:40:16.496879+00,,,referral,57,C,,normal,[],,,,,,,,
98a416b3-9ab2-4eea-b7ee-a962fccbd23a,,approved,consumer,389.26,24,18.41,12.50,EE,Chloe,Kallas,,,,,,,chloe.kallas.app28@example.com,+372 56100028,,,Bruxelles,,,,,,,1641.00,,,,,2026-05-30 13:40:16.496879+00,2026-05-30 13:40:16.496879+00,,,website,79,B,,normal,[],,,,,,,,
9b28b0ab-a6a9-4016-bc0c-2c339bc997c1,,submitted,consumer,1850.89,12,164.88,12.50,EE,Marko,Susi,,,,,,,marko.susi.app93@example.com,+372 56100093,,,Narva,,,,,,,1681.00,,,,,2026-05-30 13:40:16.496879+00,2026-05-30 13:40:16.496879+00,,,ads,66,B,,normal,[],,,,,,,,
9dfa2221-b1d3-469e-8e67-90c866f09c44,,approved,salary-advance,97.13,36,3.25,12.50,EE,Julien,Sokk,,,,,,,julien.sokk.app102@example.com,+372 56100102,,,Lyon,,,,,,,4224.00,,,,,2026-05-30 13:40:16.496879+00,2026-05-30 13:40:16.496879+00,bc097573-aa80-47a3-8474-3c70ede70842,,website,95,A,,normal,[],,,,,,,,
9f6aa72e-26c6-47a6-92b4-508d72fc14d0,,approved,consumer,936.75,18,57.34,12.50,FR,Ines,Tamm,,,,,,,ines.tamm.app190@example.com,+372 56100190,,,Parnu,,,,,,,2300.00,,,,,2026-05-30 13:40:16.496879+00,2026-05-30 13:40:16.496879+00,,,simulator,29,D,,normal,[],,,,,,,,
9ff6cc93-0bbc-4262-b50b-32d1b0be4055,,rejected,professional,303.34,24,14.35,12.50,EE,Pauline,Raud,,,,,,,pauline.raud.app45@example.com,+372 56100045,,,Parnu,,,,,,,2777.00,,,,,2026-05-30 13:40:16.496879+00,2026-05-30 13:40:16.496879+00,,,simulator,65,B,,normal,[],,,,,,,,
a006da62-de06-4f87-b7fd-f263d83ebc6e,,rejected,professional,476.47,24,22.54,12.50,EE,Maria,Raud,,,,,,,maria.raud.app73@example.com,+372 56100073,,,Lyon,,,,,,,2042.00,,,,,2026-05-30 13:40:16.496879+00,2026-05-30 13:40:16.496879+00,,,website,80,A,,normal,[],,,,,,,,
a2791d8b-ddc3-468a-92b9-ae2b256fc5c5,,qualified,salary-advance,520.31,24,24.61,12.50,FR,Piret,Carre,,,,,,,piret.carre.app172@example.com,+372 56100172,,,Helsinki,,,,,,,3388.00,,,,,2026-05-30 13:40:16.496879+00,2026-05-30 13:40:16.496879+00,,,referral,81,A,,normal,[],,,,,,,,
a3931e78-f655-471d-b9af-2ba878ee8d9f,,submitted,professional,350.53,24,16.58,12.50,FR,Camille,Vaino,,,,,,,camille.vaino.app84@example.com,+372 56100084,,,Lyon,,,,,,,3935.00,,,,,2026-05-30 13:40:16.496879+00,2026-05-30 13:40:16.496879+00,,,website,87,A,,normal,[],,,,,,,,
a45b908c-aff3-4364-884b-2ec40c3c5bc4,,qualified,salary-advance,1155.26,36,38.65,12.50,EE,Karl,Laine,,,,,,,karl.laine.app195@example.com,+372 56100195,,,Bruxelles,,,,,,,2110.00,,,,,2026-05-30 13:40:16.496879+00,2026-05-30 13:40:16.496879+00,,,simulator,54,C,,normal,[],,,,,,,,
a6edb149-b76b-431d-ab9a-811014bfe7e9,,submitted,consumer,269.18,36,9.01,12.50,EE,Piret,Vaino,,,,,,,piret.vaino.app154@example.com,+372 56100154,,,Helsinki,,,,,,,2060.00,,,,,2026-05-30 13:40:16.496879+00,2026-05-30 13:40:16.496879+00,,,direct,99,A,,normal,[],,,,,,,,
a7481df4-acbe-4268-a316-3e415aadaf9a,,under_review,consumer,823.40,24,38.95,12.50,EE,Anna,Nguyen,,,,,,,anna.nguyen.app99@example.com,+372 56100099,,,Paris,,,,,,,3732.00,,,,,2026-05-30 13:40:16.496879+00,2026-05-30 13:40:16.496879+00,,,direct,31,D,,normal,[],,,,,,,,
a75922dd-f268-40c5-a514-8b1584722aef,,approved,student,346.63,24,16.40,12.50,EE,Lucas,Lepik,,,,,,,lucas.lepik.app23@example.com,+372 56100023,,,Paris,,,,,,,3293.00,,,,,2026-05-30 13:40:16.496879+00,2026-05-30 13:40:16.496879+00,2ef6b002-d112-44f3-b8f7-df80f878d595,,simulator,69,B,,normal,[],,,,,,,,
aa7e8424-5eb7-4925-bf29-9a0cfa2b0744,,rejected,professional,710.77,36,23.78,12.50,EE,Marko,Martin,,,,,,,marko.martin.app131@example.com,+372 56100131,,,Madrid,,,,,,,1467.00,,,,,2026-05-30 13:40:16.496879+00,2026-05-30 13:40:16.496879+00,,,direct,96,A,,normal,[],,,,,,,,
ac67b0da-4d15-4f99-9091-ef94f3727efa,,rejected,salary-advance,256.48,24,12.13,12.50,FR,Liis,Susi,,,,,,,liis.susi.app199@example.com,+372 56100199,,,Tartu,,,,,,,4386.00,,,,,2026-05-30 13:40:16.496879+00,2026-05-30 13:40:16.496879+00,,,direct,82,A,,normal,[],,,,,,,,
ac785702-7b9a-45d2-8334-fe7d8a1c33b4,,under_review,student,93.79,6,16.21,12.50,EE,Marie,Lopez,,,,,,,marie.lopez.app136@example.com,+372 56100136,,,Lyon,,,,,,,1751.00,,,,,2026-05-30 13:40:16.496879+00,2026-05-30 13:40:16.496879+00,,,direct,63,C,,normal,[],,,,,,,,
acc3bf40-9f1b-4c3f-aba6-d78751ad91c7,,approved,micro-credit,359.59,18,22.01,12.50,EE,Tiina,Lemoine,,,,,,,tiina.lemoine.app30@example.com,+372 56100030,,,Bruxelles,,,,,,,4423.00,,,,,2026-05-30 13:40:16.496879+00,2026-05-30 13:40:16.496879+00,,,referral,64,C,,normal,[],,,,,,,,
ad2dab78-aa2d-4481-8ceb-2e919e31e1ed,,rejected,salary-advance,683.50,24,32.33,12.50,EE,Nathan,Laine,,,,,,,nathan.laine.app197@example.com,+372 56100197,,,Helsinki,,,,,,,3164.00,,,,,2026-05-30 13:40:16.496879+00,2026-05-30 13:40:16.496879+00,,,direct,65,B,,normal,[],,,,,,,,
add2fbe9-cdbe-43e6-a8a9-550ec4f1aa5c,,qualified,salary-advance,353.79,12,31.52,12.50,EE,Anna,Carre,,,,,,,anna.carre.app22@example.com,+372 56100022,,,Paris,,,,,,,1257.00,,,,,2026-05-30 13:40:16.496879+00,2026-05-30 13:40:16.496879+00,,,direct,79,B,,normal,[],,,,,,,,
aecdbfaf-095a-4c0b-b1c5-b314be4433ad,,submitted,micro-credit,412.49,6,71.28,12.50,EE,Eva,Parn,,,,,,,eva.parn.app178@example.com,+372 56100178,,,Narva,,,,,,,4244.00,,,,,2026-05-30 13:40:16.496879+00,2026-05-30 13:40:16.496879+00,,,ads,71,B,,normal,[],,,,,,,,
aed66746-d72a-466a-8c1c-9c2f6c480c5f,,cancelled,salary-advance,660.63,24,31.25,12.50,EE,Yann,Ivanov,,,,,,,yann.ivanov.app170@example.com,+372 56100170,,,Parnu,,,,,,,2021.00,,,,,2026-05-30 13:40:16.496879+00,2026-05-30 13:40:16.496879+00,,,direct,86,A,,normal,[],,,,,,,,
b066e672-bedb-476d-bc07-92da6d333f08,,approved,micro-credit,789.25,24,37.34,12.50,EE,Tiina,Bernard,,,,,,,tiina.bernard.app97@example.com,+372 56100097,,,Madrid,,,,,,,1629.00,,,,,2026-05-30 13:40:16.496879+00,2026-05-30 13:40:16.496879+00,,,simulator,92,A,,normal,[],,,,,,,,
b1b2381e-cdcd-4a18-833e-446039ffdebb,,submitted,student,495.06,24,23.42,12.50,EE,Kadri,Vidal,,,,,,,kadri.vidal.app47@example.com,+372 56100047,,,Tartu,,,,,,,2182.00,,,,,2026-05-30 13:40:16.496879+00,2026-05-30 13:40:16.496879+00,,,referral,80,A,,normal,[],,,,,,,,
b3b4f7e4-3b71-4ed2-b8de-e52489ec4b7f,,submitted,consumer,604.48,6,104.45,12.50,EE,Manon,Muller,,,,,,,manon.muller.app208@example.com,+372 56100208,,,Narva,,,,,,,3128.00,,,,,2026-05-30 13:40:16.496879+00,2026-05-30 13:40:16.496879+00,,,simulator,64,C,,normal,[],,,,,,,,
b5815f16-16ce-42ad-8b77-42fcb0bb8e86,,under_review,salary-advance,250.43,24,11.85,12.50,FR,Julien,Ivanov,,,,,,,julien.ivanov.app212@example.com,+372 56100212,,,Geneve,,,,,,,4271.00,,,,,2026-05-30 13:40:16.496879+00,2026-05-30 13:40:16.496879+00,,,simulator,22,D,,normal,[],,,,,,,,
b733c47a-8645-45bd-90e4-57ce627f6967,,approved,salary-advance,401.94,18,24.60,12.50,FR,Kristjan,Garcia,,,,,,,kristjan.garcia.app68@example.com,+372 56100068,,,Helsinki,,,,,,,1131.00,,,,,2026-05-30 13:40:16.496879+00,2026-05-30 13:40:16.496879+00,,,direct,43,D,,normal,[],,,,,,,,
b7e68606-532a-4a2b-9dec-199675863062,,approved,salary-advance,680.15,24,32.18,12.50,EE,Antoine,Petit,,,,,,,antoine.petit.app192@example.com,+372 56100192,,,Tallinn,,,,,,,1187.00,,,,,2026-05-30 13:40:16.496879+00,2026-05-30 13:40:16.496879+00,95fe620e-aa82-4cf2-a477-7ee6d8aa2383,,direct,56,C,,normal,[],,,,,,,,
bee8fb0b-dd71-4fe0-86c9-ee0647819601,,submitted,student,340.71,12,30.35,12.50,EE,Emma,Smirnov,,,,,,,emma.smirnov.app184@example.com,+372 56100184,,,Paris,,,,,,,2169.00,,,,,2026-05-30 13:40:16.496879+00,2026-05-30 13:40:16.496879+00,,,simulator,71,B,,normal,[],,,,,,,,
c1918fc8-0921-4622-a45e-15f524ea429f,,rejected,salary-advance,180.93,12,16.12,12.50,EE,Kadri,Roussel,,,,,,,kadri.roussel.app54@example.com,+372 56100054,,,Paris,,,,,,,2502.00,,,,,2026-05-30 13:40:16.496879+00,2026-05-30 13:40:16.496879+00,,,website,53,C,,normal,[],,,,,,,,
c1cfc02f-6793-456d-a0ff-9aaf60435bb0,,submitted,consumer,743.53,6,128.48,12.50,EE,Marie,Smirnov,,,,,,,marie.smirnov.app80@example.com,+372 56100080,,,Parnu,,,,,,,1638.00,,,,,2026-05-30 13:40:16.496879+00,2026-05-30 13:40:16.496879+00,,,referral,52,C,,normal,[],,,,,,,,
c2056f8e-9fff-4854-8a43-f07b1ea06c2a,,qualified,professional,135.57,24,6.41,12.50,EE,Mart,Martin,,,,,,,mart.martin.app57@example.com,+372 56100057,,,Tallinn,,,,,,,3354.00,,,,,2026-05-30 13:40:16.496879+00,2026-05-30 13:40:16.496879+00,,,website,51,C,,normal,[],,,,,,,,
c2a458dc-7b26-40c0-b426-efd225bd6e30,,cancelled,student,345.23,24,16.33,12.50,FR,Emma,Oja,,,,,,,emma.oja.app72@example.com,+372 56100072,,,Tallinn,,,,,,,2011.00,,,,,2026-05-30 13:40:16.496879+00,2026-05-30 13:40:16.496879+00,,,referral,62,C,,normal,[],,,,,,,,
c2d72f48-ea07-4cf9-8ae3-142c66828475,,qualified,professional,291.39,12,25.96,12.50,EE,Piret,Susi,,,,,,,piret.susi.app209@example.com,+372 56100209,,,Bruxelles,,,,,,,3229.00,,,,,2026-05-30 13:40:16.496879+00,2026-05-30 13:40:16.496879+00,,,simulator,37,D,,normal,[],,,,,,,,
c42dc14c-52bb-45fd-bdb1-a48370c490ed,,cancelled,professional,678.00,6,117.16,12.50,EE,Lea,Vidal,,,,,,,lea.vidal.app213@example.com,+372 56100213,,,Lyon,,,,,,,3623.00,,,,,2026-05-30 13:40:16.496879+00,2026-05-30 13:40:16.496879+00,,,website,20,D,,normal,[],,,,,,,,
c5ccc86c-efe1-402b-af37-2abd3544892d,,cancelled,professional,998.95,24,47.26,12.50,EE,Maria,Tamm,,,,,,,maria.tamm.app142@example.com,+372 56100142,,,Madrid,,,,,,,4677.00,,,,,2026-05-30 13:40:16.496879+00,2026-05-30 13:40:16.496879+00,,,website,48,C,,normal,[],,,,,,,,
c6919d08-db14-48da-abaa-390fdd855288,,qualified,professional,183.70,24,8.69,12.50,EE,Romain,Saar,,,,,,,romain.saar.app39@example.com,+372 56100039,,,Lyon,,,,,,,1525.00,,,,,2026-05-30 13:40:16.496879+00,2026-05-30 13:40:16.496879+00,,,ads,40,D,,normal,[],,,,,,,,
c7ba6e00-0f20-4445-a32b-67c529a0473b,,submitted,professional,239.86,12,21.37,12.50,EE,Jaan,Rebane,,,,,,,jaan.rebane.app76@example.com,+372 56100076,,,Madrid,,,,,,,3696.00,,,,,2026-05-30 13:40:16.496879+00,2026-05-30 13:40:16.496879+00,,,ads,41,D,,normal,[],,,,,,,,
c84d4da0-9661-4d16-9864-0ab32c8ecfa3,,rejected,micro-credit,597.98,24,28.29,12.50,EE,Marie,Parn,,,,,,,marie.parn.app183@example.com,+372 56100183,,,Tallinn,,,,,,,2522.00,,,,,2026-05-30 13:40:16.496879+00,2026-05-30 13:40:16.496879+00,,,simulator,94,A,,normal,[],,,,,,,,
cabbc15e-e711-4870-836f-48880a1f0938,,submitted,consumer,310.65,24,14.70,12.50,EE,Lucas,Sokk,,,,,,,lucas.sokk.app52@example.com,+372 56100052,,,Tallinn,,,,,,,4572.00,,,,,2026-05-30 13:40:16.496879+00,2026-05-30 13:40:16.496879+00,,,simulator,49,C,,normal,[],,,,,,,,
cb5439db-901d-402c-a351-2c98be09002b,,submitted,professional,661.52,24,31.29,12.50,FR,Alex,Lepik,,,,,,,alex.lepik.app200@example.com,+372 56100200,,,Tartu,,,,,,,1958.00,,,,,2026-05-30 13:40:16.496879+00,2026-05-30 13:40:16.496879+00,,,simulator,89,A,,normal,[],,,,,,,,
cb846e59-9c5f-4c72-a2f1-b24d6ebec4db,,qualified,professional,692.41,24,32.76,12.50,EE,Tonu,Martin,,,,,,,tonu.martin.app187@example.com,+372 56100187,,,Paris,,,,,,,3093.00,,,,,2026-05-30 13:40:16.496879+00,2026-05-30 13:40:16.496879+00,,,simulator,95,A,,normal,[],,,,,,,,
ccacb21a-2e3b-419e-8dcd-c5bf8d9758a4,,under_review,student,287.30,36,9.61,12.50,EE,Kadri,Aas,,,,,,,kadri.aas.app69@example.com,+372 56100069,,,Parnu,,,,,,,4390.00,,,,,2026-05-30 13:40:16.496879+00,2026-05-30 13:40:16.496879+00,,,website,34,D,,normal,[],,,,,,,,
cf5afc87-cb5b-4f99-81ea-7c50ecba68a8,,under_review,student,156.27,6,27.00,12.50,FR,Laura,Lepik,,,,,,,laura.lepik.app113@example.com,+372 56100113,,,Narva,,,,,,,3292.00,,,,,2026-05-30 13:40:16.496879+00,2026-05-30 13:40:16.496879+00,,,ads,37,D,,normal,[],,,,,,,,
d42a2490-0820-4f59-9ff2-4daf43098e9b,,approved,professional,387.55,18,23.72,12.50,FR,Thomas,Kangro,,,,,,,thomas.kangro.app42@example.com,+372 56100042,,,Narva,,,,,,,3250.00,,,,,2026-05-30 13:40:16.496879+00,2026-05-30 13:40:16.496879+00,bc097573-aa80-47a3-8474-3c70ede70842,,referral,70,B,,normal,[],,,,,,,,
d489a9e9-cf8e-40f7-9061-a1f349aa44a4,,under_review,student,54.09,24,2.56,12.50,FR,Chloe,Parn,,,,,,,chloe.parn.app129@example.com,+372 56100129,,,Helsinki,,,,,,,3943.00,,,,,2026-05-30 13:40:16.496879+00,2026-05-30 13:40:16.496879+00,,,referral,28,D,,normal,[],,,,,,,,
d562993e-2202-4304-b1b6-4c5f3ace1d90,,approved,consumer,541.00,6,93.48,12.50,EE,Hugo,Koppel,,,,,,,hugo.koppel.app112@example.com,+372 56100112,,,Paris,,,,,,,1727.00,,,,,2026-05-30 13:40:16.496879+00,2026-05-30 13:40:16.496879+00,,,direct,61,C,,normal,[],,,,,,,,
d562e242-d9ff-4431-be8d-5102c1540cd3,,submitted,consumer,259.99,18,15.92,12.50,EE,Manon,Lemoine,,,,,,,manon.lemoine.app108@example.com,+372 56100108,,,Geneve,,,,,,,3116.00,,,,,2026-05-30 13:40:16.496879+00,2026-05-30 13:40:16.496879+00,,,ads,50,C,,normal,[],,,,,,,,
d5cadd40-abae-4da6-a0fe-0a3737dd96a0,,approved,consumer,444.28,12,39.58,12.50,EE,Maxime,Kukk,,,,,,,maxime.kukk.app152@example.com,+372 56100152,,,Tallinn,,,,,,,4445.00,,,,,2026-05-30 13:40:16.496879+00,2026-05-30 13:40:16.496879+00,,,ads,63,C,,normal,[],,,,,,,,
d622619b-ff78-4ce2-b113-98a41c113b99,,cancelled,student,204.55,24,9.68,12.50,FR,Pauline,Petit,,,,,,,pauline.petit.app201@example.com,+372 56100201,,,Bruxelles,,,,,,,3536.00,,,,,2026-05-30 13:40:16.496879+00,2026-05-30 13:40:16.496879+00,,,simulator,75,B,,normal,[],,,,,,,,
d6604f90-f6b6-40b1-93bd-d2973fa028c3,,approved,micro-credit,111.93,24,5.30,12.50,FR,Eva,Roussel,,,,,,,eva.roussel.app3@example.com,+372 56100003,,,Helsinki,,,,,,,2661.00,,,,,2026-05-30 13:40:16.496879+00,2026-05-30 13:40:16.496879+00,b2af2340-1fbc-4777-8995-81d21de6fc7a,,ads,55,C,,normal,[],,,,,,,,
d8f8e01b-5be6-4536-90c6-7e98f26e88d1,,approved,consumer,218.43,12,19.46,12.50,FR,Piret,Kukk,,,,,,,piret.kukk.app149@example.com,+372 56100149,,,Madrid,,,,,,,1896.00,,,,,2026-05-30 13:40:16.496879+00,2026-05-30 13:40:16.496879+00,,,direct,55,C,,normal,[],,,,,,,,
da246ab7-8a14-4c5a-b4e3-53e6ad28f7a7,,qualified,consumer,649.41,24,30.72,12.50,EE,Camille,Kukk,,,,,,,camille.kukk.app66@example.com,+372 56100066,,,Bruxelles,,,,,,,3907.00,,,,,2026-05-30 13:40:16.496879+00,2026-05-30 13:40:16.496879+00,,,website,77,B,,normal,[],,,,,,,,
da930066-6e0e-449c-b227-0b9d7555d43a,,rejected,micro-credit,228.60,24,10.81,12.50,EE,Camille,Magi,,,,,,,camille.magi.app51@example.com,+372 56100051,,,Madrid,,,,,,,2142.00,,,,,2026-05-30 13:40:16.496879+00,2026-05-30 13:40:16.496879+00,,,direct,72,B,,normal,[],,,,,,,,
dba78f8f-ff00-44d7-b075-bb4c2281d5f9,,submitted,micro-credit,373.65,6,64.57,12.50,FR,Jaan,Vaher,,,,,,,jaan.vaher.app82@example.com,+372 56100082,,,Helsinki,,,,,,,3249.00,,,,,2026-05-30 13:40:16.496879+00,2026-05-30 13:40:16.496879+00,,,referral,30,D,,normal,[],,,,,,,,
de1647d4-886b-4b16-b415-ed73719a691b,,under_review,student,263.04,24,12.44,12.50,EE,Marko,Vaino,,,,,,,marko.vaino.app8@example.com,+372 56100008,,,Narva,,,,,,,3439.00,,,,,2026-05-30 13:40:16.496879+00,2026-05-30 13:40:16.496879+00,,,referral,23,D,,normal,[],,,,,,,,
deb8182d-9637-4e3a-b809-6b4a99bf1338,,approved,salary-advance,717.31,6,123.95,12.50,FR,Jaan,Kallas,,,,,,,jaan.kallas.app145@example.com,+372 56100145,,,Narva,,,,,,,4049.00,,,,,2026-05-30 13:40:16.496879+00,2026-05-30 13:40:16.496879+00,317e9353-508b-4326-8d46-165645d10c0b,,ads,43,D,,normal,[],,,,,,,,
dec55252-0918-4ba2-82a9-2f59bfc0780f,,approved,student,490.76,12,43.72,12.50,EE,Pauline,Carre,,,,,,,pauline.carre.app126@example.com,+372 56100126,,,Bruxelles,,,,,,,3085.00,,,,,2026-05-30 13:40:16.496879+00,2026-05-30 13:40:16.496879+00,6b7dc3bc-7704-40e7-92ae-0acca31a9ce2,,direct,65,B,,normal,[],,,,,,,,
df91763d-6836-4a68-9c97-13637a31d4cb,,cancelled,micro-credit,194.41,36,6.50,12.50,EE,Dimitri,Magi,,,,,,,dimitri.magi.app182@example.com,+372 56100182,,,Parnu,,,,,,,1745.00,,,,,2026-05-30 13:40:16.496879+00,2026-05-30 13:40:16.496879+00,,,simulator,81,A,,normal,[],,,,,,,,
dfbb0731-cd32-43c3-8311-794b25a8273e,,cancelled,micro-credit,646.42,12,57.58,12.50,EE,Clara,Aas,,,,,,,clara.aas.app219@example.com,+372 56100219,,,Parnu,,,,,,,3717.00,,,,,2026-05-30 13:40:16.496879+00,2026-05-30 13:40:16.496879+00,,,direct,95,A,,normal,[],,,,,,,,
e0594471-9c60-4b8d-92d9-fb09e4637e7a,,rejected,micro-credit,394.78,12,35.17,12.50,EE,Sarah,Susi,,,,,,,sarah.susi.app87@example.com,+372 56100087,,,Bruxelles,,,,,,,1328.00,,,,,2026-05-30 13:40:16.496879+00,2026-05-30 13:40:16.496879+00,,,direct,63,C,,normal,[],,,,,,,,
e21379f0-00b0-4637-b294-be93a498ea8f,,submitted,salary-advance,653.20,24,30.90,12.50,EE,Julien,Oja,,,,,,,julien.oja.app132@example.com,+372 56100132,,,Paris,,,,,,,1716.00,,,,,2026-05-30 13:40:16.496879+00,2026-05-30 13:40:16.496879+00,,,direct,20,D,,normal,[],,,,,,,,
e33508b8-fbc2-466f-93ad-db266b216884,,under_review,micro-credit,685.86,24,32.45,12.50,EE,Mart,Toom,,,,,,,mart.toom.app44@example.com,+372 56100044,,,Lyon,,,,,,,4035.00,,,,,2026-05-30 13:40:16.496879+00,2026-05-30 13:40:16.496879+00,,,website,57,C,,normal,[],,,,,,,,
e3ed48bd-8baa-4cf8-87d9-a41b3743fd31,,qualified,micro-credit,252.02,24,11.92,12.50,EE,Kristjan,Lemoine,,,,,,,kristjan.lemoine.app12@example.com,+372 56100012,,,Helsinki,,,,,,,4730.00,,,,,2026-05-30 13:40:16.496879+00,2026-05-30 13:40:16.496879+00,,,referral,98,A,,normal,[],,,,,,,,
e47f1bc0-ca5b-4d98-a24b-4ff29196cdb0,,under_review,student,189.49,24,8.96,12.50,FR,Lucas,Robert,,,,,,,lucas.robert.app160@example.com,+372 56100160,,,Narva,,,,,,,4788.00,,,,,2026-05-30 13:40:16.496879+00,2026-05-30 13:40:16.496879+00,,,referral,49,C,,normal,[],,,,,,,,
e56e71e2-122c-4d3e-b976-1750e3a0eb7c,,qualified,professional,356.83,24,16.88,12.50,FR,Antoine,Vidal,,,,,,,antoine.vidal.app89@example.com,+372 56100089,,,Tallinn,,,,,,,4043.00,,,,,2026-05-30 13:40:16.496879+00,2026-05-30 13:40:16.496879+00,,,referral,29,D,,normal,[],,,,,,,,
e70c0377-5894-45f0-b752-15008640a0eb,,under_review,salary-advance,329.78,18,20.19,12.50,EE,Yann,Lepik,,,,,,,yann.lepik.app59@example.com,+372 56100059,,,Geneve,,,,,,,2322.00,,,,,2026-05-30 13:40:16.496879+00,2026-05-30 13:40:16.496879+00,,,referral,52,C,,normal,[],,,,,,,,
e8dd9ba2-1df8-4ed5-aafa-8af54c9832da,,cancelled,micro-credit,182.88,24,8.65,12.50,EE,Tonu,Vaher,,,,,,,tonu.vaher.app49@example.com,+372 56100049,,,Paris,,,,,,,3475.00,,,,,2026-05-30 13:40:16.496879+00,2026-05-30 13:40:16.496879+00,,,ads,28,D,,normal,[],,,,,,,,
eb00fd93-83eb-4bce-bb4c-2f57d9274460,,rejected,micro-credit,405.43,18,24.82,12.50,EE,Karl,Kukk,,,,,,,karl.kukk.app180@example.com,+372 56100180,,,Tartu,,,,,,,4201.00,,,,,2026-05-30 13:40:16.496879+00,2026-05-30 13:40:16.496879+00,,,referral,54,C,,normal,[],,,,,,,,
eb269daf-6114-4ea6-a8dd-f393aa56e4ba,,under_review,student,575.24,6,99.40,12.50,FR,Maria,Kangro,,,,,,,maria.kangro.app75@example.com,+372 56100075,,,Tallinn,,,,,,,3653.00,,,,,2026-05-30 13:40:16.496879+00,2026-05-30 13:40:16.496879+00,,,direct,89,A,,normal,[],,,,,,,,
ecc1c914-e87b-4484-b0ff-889e513490bb,,approved,consumer,165.25,24,7.82,12.50,EE,Emma,Org,,,,,,,emma.org.app138@example.com,+372 56100138,,,Madrid,,,,,,,3918.00,,,,,2026-05-30 13:40:16.496879+00,2026-05-30 13:40:16.496879+00,2a69cb40-fc92-4c0b-8ed1-26b921d326a8,,ads,76,B,,normal,[],,,,,,,,
f009cec3-1c44-45b4-914a-c75a73886561,,under_review,student,246.85,6,42.65,12.50,EE,Rasmus,Roussel,,,,,,,rasmus.roussel.app26@example.com,+372 56100026,,,Madrid,,,,,,,2806.00,,,,,2026-05-30 13:40:16.496879+00,2026-05-30 13:40:16.496879+00,,,referral,39,D,,normal,[],,,,,,,,
f01e7511-5a25-49d1-a0cc-710dbe714951,,rejected,salary-advance,290.54,12,25.88,12.50,FR,Marie,Robert,,,,,,,marie.robert.app117@example.com,+372 56100117,,,Bruxelles,,,,,,,3587.00,,,,,2026-05-30 13:40:16.496879+00,2026-05-30 13:40:16.496879+00,,,ads,24,D,,normal,[],,,,,,,,
f1986898-01ab-4d6f-955b-b4bca1457b26,,submitted,professional,359.99,6,62.20,12.50,EE,Anna,Saar,,,,,,,anna.saar.app173@example.com,+372 56100173,,,Helsinki,,,,,,,4781.00,,,,,2026-05-30 13:40:16.496879+00,2026-05-30 13:40:16.496879+00,,,simulator,25,D,,normal,[],,,,,,,,
f1f6131e-f719-4f9c-ad76-f0786d08b30c,,under_review,student,81.82,12,7.29,12.50,FR,Kevin,Sokk,,,,,,,kevin.sokk.app17@example.com,+372 56100017,,,Tartu,,,,,,,4493.00,,,,,2026-05-30 13:40:16.496879+00,2026-05-30 13:40:16.496879+00,,,ads,90,A,,normal,[],,,,,,,,
f2a5ae88-4dd2-427c-8b80-a9052812ad3d,,under_review,professional,492.83,24,23.31,12.50,FR,Maxime,Faure,,,,,,,maxime.faure.app98@example.com,+372 56100098,,,Tartu,,,,,,,1260.00,,,,,2026-05-30 13:40:16.496879+00,2026-05-30 13:40:16.496879+00,,,referral,53,C,,normal,[],,,,,,,,
f2f7294c-876d-4344-876e-1bb2823ba74a,,submitted,student,147.10,18,9.00,12.50,FR,Kevin,Carre,,,,,,,kevin.carre.app5@example.com,+372 56100005,,,Narva,,,,,,,3912.00,,,,,2026-05-30 13:40:16.496879+00,2026-05-30 13:40:16.496879+00,,,ads,73,B,,normal,[],,,,,,,,
f3c4146f-2608-4b43-b244-73889683dac6,,approved,micro-credit,936.97,6,161.90,12.50,FR,Marko,Vidal,,,,,,,marko.vidal.app100@example.com,+372 56100100,,,Geneve,,,,,,,2289.00,,,,,2026-05-30 13:40:16.496879+00,2026-05-30 13:40:16.496879+00,,,simulator,48,C,,normal,[],,,,,,,,
f622a68d-d464-44ae-ac92-7135bfab1a32,,under_review,micro-credit,1890.84,36,63.26,12.50,FR,Rasmus,Koppel,,,,,,,rasmus.koppel.app77@example.com,+372 56100077,,,Narva,,,,,,,2210.00,,,,,2026-05-30 13:40:16.496879+00,2026-05-30 13:40:16.496879+00,,,referral,98,A,,normal,[],,,,,,,,
f8c6d221-a9ef-49db-93a6-e4808961e831,,approved,consumer,695.21,6,120.13,12.50,FR,Jaan,Carre,,,,,,,jaan.carre.app162@example.com,+372 56100162,,,Narva,,,,,,,2848.00,,,,,2026-05-30 13:40:16.496879+00,2026-05-30 13:40:16.496879+00,d72672b1-88a7-40b4-af3a-6888d6b86360,,ads,45,C,,normal,[],,,,,,,,
f987cd03-7bde-465c-bc9e-e4ef000b0b30,,rejected,salary-advance,164.97,24,7.80,12.50,EE,Mart,Koppel,,,,,,,mart.koppel.app161@example.com,+372 56100161,,,Madrid,,,,,,,1968.00,,,,,2026-05-30 13:40:16.496879+00,2026-05-30 13:40:16.496879+00,,,ads,94,A,,normal,[],,,,,,,,
f98ce081-9b68-4f6f-af3f-6e9ea95ffe4b,,approved,consumer,352.88,24,16.69,12.50,EE,Chloe,Muller,,,,,,,chloe.muller.app207@example.com,+372 56100207,,,Lyon,,,,,,,1972.00,,,,,2026-05-30 13:40:16.496879+00,2026-05-30 13:40:16.496879+00,,,ads,28,D,,normal,[],,,,,,,,
fa1d4f93-08a7-413d-9504-2abc902868c5,,approved,salary-advance,583.44,36,19.52,12.50,EE,Romain,Ivanov,,,,,,,romain.ivanov.app163@example.com,+372 56100163,,,Geneve,,,,,,,3618.00,,,,,2026-05-30 13:40:16.496879+00,2026-05-30 13:40:16.496879+00,b450424e-3dc7-43c7-8d6c-8402665f354e,,referral,79,B,,normal,[],,,,,,,,
fb43ead0-c2cf-4592-bcce-18dc35b531d9,,qualified,consumer,646.39,24,30.58,12.50,FR,Camille,Magi,,,,,,,camille.magi.app85@example.com,+372 56100085,,,Madrid,,,,,,,2168.00,,,,,2026-05-30 13:40:16.496879+00,2026-05-30 13:40:16.496879+00,,,website,22,D,,normal,[],,,,,,,,
fb9f4432-f7ca-4c2b-bcd1-57bb19266d9d,,qualified,salary-advance,699.42,24,33.09,12.50,FR,Pauline,Susi,,,,,,,pauline.susi.app14@example.com,+372 56100014,,,Madrid,,,,,,,3620.00,,,,,2026-05-30 13:40:16.496879+00,2026-05-30 13:40:16.496879+00,,,direct,53,C,,normal,[],,,,,,,,
fbd8aeeb-a5da-4bf9-a8c5-0718fba4f892,,under_review,student,1046.97,36,35.02,12.50,FR,Chloe,Nguyen,,,,,,,chloe.nguyen.app194@example.com,+372 56100194,,,Tallinn,,,,,,,3320.00,,,,,2026-05-30 13:40:16.496879+00,2026-05-30 13:40:16.496879+00,,,simulator,92,A,,normal,[],,,,,,,,
fcf510ff-be25-41d1-b57d-c8419c633017,,qualified,micro-credit,1180.38,6,203.96,12.50,EE,Sarah,Lemoine,,,,,,,sarah.lemoine.app50@example.com,+372 56100050,,,Tallinn,,,,,,,3851.00,,,,,2026-05-30 13:40:16.496879+00,2026-05-30 13:40:16.496879+00,,,ads,53,C,,normal,[],,,,,,,,
fd35da37-7ab4-47af-b47f-c12b872b3958,,rejected,micro-credit,216.34,24,10.23,12.50,FR,Piret,Kangro,,,,,,,piret.kangro.app215@example.com,+372 56100215,,,Narva,,,,,,,2910.00,,,,,2026-05-30 13:40:16.496879+00,2026-05-30 13:40:16.496879+00,,,simulator,55,C,,normal,[],,,,,,,,
fdc7741c-085e-4018-ae16-cb6721d57ce4,,approved,professional,476.07,6,82.26,12.50,EE,Mart,Robert,,,,,,,mart.robert.app48@example.com,+372 56100048,,,Lyon,,,,,,,4596.00,,,,,2026-05-30 13:40:16.496879+00,2026-05-30 13:40:16.496879+00,8857c386-41d8-41a9-b4e3-9834b3b2864f,,simulator,23,D,,normal,[],,,,,,,,
